model,num_classes,num_ensemble,clf_error,l2_logits,epoch
tabpfn,8,2,0.018691599369049072,3.045261859893799,1200
tabpfn,8,2,0.04205608367919922,0.32321563363075256,1200
tabpfn,8,2,0.07476633787155151,1.4718400239944458,1200
tabpfn,8,2,0.0,0.2552696764469147,1200
