model,num_classes,num_ensemble,clf_error,l2_logits,epoch
tabpfn,10,1,0.31164902448654175,1.7509580850601196,400
tabpfn,10,1,0.10892587900161743,1.1801660060882568,400
tabpfn,10,1,0.172465980052948,1.8027522563934326,400
tabpfn,10,1,0.0,0.3439701795578003,400
