model,num_classes,num_ensemble,clf_error,l2_logits,epoch
tabpfn,8,8,0.012820541858673096,1.2146499156951904,1200
tabpfn,8,8,0.008547008037567139,0.8333415389060974,1200
tabpfn,8,8,0.017094016075134277,0.6823108792304993,1200
tabpfn,8,8,0.03846156597137451,0.7494557499885559,1200
