model,num_classes,num_ensemble,clf_error,l2_logits,epoch
tabpfn,2,4,0.026785731315612793,0.48405495285987854,800
tabpfn,2,4,0.013392865657806396,1.1687006950378418,800
tabpfn,2,4,0.017857134342193604,1.6590937376022339,800
tabpfn,2,4,0.00892859697341919,2.079817295074463,800
