model,num_classes,num_ensemble,clf_error,l2_logits,epoch
tabpfn,10,2,0.9989989995956421,1.661238431930542,800
tabpfn,10,2,0.17917919158935547,1.6775885820388794,800
tabpfn,10,2,0.10910910367965698,0.2506101727485657,800
tabpfn,10,2,0.0,0.17170876264572144,800
