model,num_classes,num_ensemble,clf_error,l2_logits,epoch
tabpfn,10,2,0.9288256168365479,0.21782128512859344,0
tabpfn,10,2,0.9466192126274109,0.2208099216222763,0
tabpfn,10,2,0.9027283191680908,0.2074275016784668,0
tabpfn,10,2,0.9252669215202332,0.21434299647808075,0
