model,num_classes,num_ensemble,clf_error,l2_logits,epoch
tabpfn,2,2,0.3856208920478821,0.13745561242103577,0
tabpfn,2,2,0.2745097875595093,0.10409466177225113,0
tabpfn,2,2,0.3104575276374817,0.11213192343711853,0
tabpfn,2,2,0.2745097875595093,0.11060108244419098,0
