model,num_classes,num_ensemble,clf_error,l2_logits,epoch
tabpfn,10,1,0.0,0.20463912189006805,1200
tabpfn,10,1,0.1574675440788269,0.3580722510814667,1200
tabpfn,10,1,0.04220777750015259,2.2691290378570557,1200
tabpfn,10,1,0.032467544078826904,0.24063941836357117,1200
