model,num_classes,num_ensemble,clf_error,l2_logits,epoch
tabpfn,8,16,0.013513505458831787,0.1572597473859787,1200
tabpfn,8,16,0.030405402183532715,0.19824053347110748,1200
tabpfn,8,16,0.02027028799057007,0.2858346402645111,1200
tabpfn,8,16,0.02195948362350464,0.23992127180099487,1200
