model,num_classes,num_ensemble,clf_error,l2_logits,epoch
tabpfn,4,1,0.0,0.6444013714790344,800
tabpfn,4,1,0.0,0.38575708866119385,800
tabpfn,4,1,0.06319117546081543,0.5164463520050049,800
tabpfn,4,1,0.18325436115264893,0.7844070196151733,800
