model,num_classes,num_ensemble,clf_error,l2_logits,epoch
tabpfn,10,8,0.07117438316345215,0.053930722177028656,1200
tabpfn,10,8,0.9300118684768677,0.6045697331428528,1200
tabpfn,10,8,0.8754448294639587,0.5380896329879761,1200
tabpfn,10,8,0.05338078737258911,0.1494983732700348,1200
