model,num_classes,num_ensemble,clf_error,l2_logits,epoch
tabpfn,2,8,0.009009003639221191,2.151430130004883,1200
tabpfn,2,8,0.0022522807121276855,2.1361358165740967,1200
tabpfn,2,8,0.018018007278442383,2.6733343601226807,1200
tabpfn,2,8,0.011261284351348877,1.5725080966949463,1200
