model,num_classes,num_ensemble,clf_error,l2_logits,epoch
tabpfn,2,16,0.01822078227996826,0.6962612271308899,400
tabpfn,2,16,0.0332261323928833,0.6224736571311951,400
tabpfn,2,16,0.7867095470428467,0.3403797745704651,400
tabpfn,2,16,0.03858518600463867,1.1588188409805298,400
