model,num_classes,num_ensemble,clf_error,l2_logits,epoch
tabpfn,2,2,0.0,1.7057106494903564,1200
tabpfn,2,2,0.004784703254699707,1.0124684572219849,1200
tabpfn,2,2,0.014354050159454346,1.6145869493484497,1200
tabpfn,2,2,0.0,1.9300808906555176,1200
