model,num_classes,num_ensemble,clf_error,l2_logits,epoch
tabpfn,8,4,0.13657408952713013,0.3967304825782776,400
tabpfn,8,4,0.0,0.17512255907058716,400
tabpfn,8,4,0.11342591047286987,0.35369575023651123,400
tabpfn,8,4,0.0,0.14549240469932556,400
