model,num_classes,num_ensemble,clf_error,l2_logits,epoch
tabpfn,10,16,0.0,0.22835685312747955,400
tabpfn,10,16,0.10989010334014893,0.2745916247367859,400
tabpfn,10,16,0.1062270998954773,0.49176350235939026,400
tabpfn,10,16,0.018315017223358154,0.3440955877304077,400
