model,num_classes,num_ensemble,clf_error,l2_logits,epoch
tabpfn,2,4,0.29313230514526367,0.1135604977607727,0
tabpfn,2,4,0.30485761165618896,0.10330978780984879,0
tabpfn,2,4,0.27973198890686035,0.11183331161737442,0
tabpfn,2,4,0.2881072163581848,0.10271745920181274,0
