model,num_classes,num_ensemble,clf_error,l2_logits,epoch
tabpfn,2,2,0.026402652263641357,0.8697316646575928,800
tabpfn,2,2,0.0,1.6892205476760864,800
tabpfn,2,2,0.003300309181213379,2.900930166244507,800
tabpfn,2,2,0.1881188154220581,0.27071160078048706,800
