model,num_classes,num_ensemble,clf_error,l2_logits,epoch
tabpfn,8,2,0.06570154428482056,1.816345453262329,400
tabpfn,8,2,0.08129173517227173,1.0532305240631104,400
tabpfn,8,2,0.17594653367996216,1.0199171304702759,400
tabpfn,8,2,0.06570154428482056,1.8145405054092407,400
