model,num_classes,num_ensemble,clf_error,l2_logits,epoch
tabpfn,4,8,0.020706474781036377,0.1998181790113449,400
tabpfn,4,8,0.03166872262954712,0.19455254077911377,400
tabpfn,4,8,0.010962247848510742,0.28104013204574585,400
tabpfn,4,8,0.00730818510055542,0.18171894550323486,400
