model,num_classes,num_ensemble,clf_error,l2_logits,epoch
tabpfn,8,8,0.06290674209594727,0.24655243754386902,400
tabpfn,8,8,0.7375271320343018,0.23295319080352783,400
tabpfn,8,8,0.06507593393325806,0.44167181849479675,400
tabpfn,8,8,0.0,0.22646604478359222,400
