model,num_classes,num_ensemble,clf_error,l2_logits,epoch
tabpfn,4,2,0.018887698650360107,1.0227105617523193,1200
tabpfn,4,2,0.013641119003295898,1.4823429584503174,1200
tabpfn,4,2,0.013641119003295898,1.688320279121399,1200
tabpfn,4,2,0.03462749719619751,1.409399390220642,1200
