model,num_classes,num_ensemble,clf_error,l2_logits,epoch
tabpfn,8,1,0.712522029876709,0.23997744917869568,0
tabpfn,8,1,0.733686089515686,0.25305861234664917,0
tabpfn,8,1,0.7001763582229614,0.2490711510181427,0
tabpfn,8,1,0.7354497313499451,0.2581805884838104,0
