model,num_classes,num_ensemble,clf_error,l2_logits,epoch
tabpfn,8,4,0.4826958179473877,0.12029315531253815,0
tabpfn,8,4,0.29690343141555786,0.1048455685377121,0
tabpfn,8,4,0.4207650423049927,0.11644012480974197,0
tabpfn,8,4,0.3642987012863159,0.12144309282302856,0
