model,num_classes,num_ensemble,clf_error,l2_logits,epoch
tabpfn,4,16,0.014814794063568115,0.19024179875850677,400
tabpfn,4,16,0.2481481432914734,0.14383403956890106,400
tabpfn,4,16,0.0,0.11752846091985703,400
tabpfn,4,16,0.0037037134170532227,0.4147276282310486,400
