model,num_classes,num_ensemble,clf_error,l2_logits,epoch
tabpfn,4,4,0.005025148391723633,1.9829243421554565,800
tabpfn,4,4,0.0,0.34372320771217346,800
tabpfn,4,4,0.006281435489654541,1.573886752128601,800
tabpfn,4,4,0.025125622749328613,0.4501601457595825,800
