model,num_classes,num_ensemble,clf_error,l2_logits,epoch
tabpfn,4,2,0.027190327644348145,1.338499665260315,800
tabpfn,4,2,0.012084603309631348,0.9490543007850647,800
tabpfn,4,2,0.0,0.1513962298631668,800
tabpfn,4,2,0.004531741142272949,1.119224190711975,800
