model,num_classes,num_ensemble,clf_error,l2_logits,epoch
tabpfn,2,4,0.0,0.8429051637649536,1200
tabpfn,2,4,0.011363625526428223,1.9234951734542847,1200
tabpfn,2,4,0.0,1.787271499633789,1200
tabpfn,2,4,0.0,0.8890944719314575,1200
