model,num_classes,num_ensemble,clf_error,l2_logits,epoch
tabpfn,10,4,0.0024213194847106934,0.1193898469209671,1200
tabpfn,10,4,0.07748186588287354,0.8243315815925598,1200
tabpfn,10,4,0.026634395122528076,0.7849465608596802,1200
tabpfn,10,4,0.03389829397201538,0.22369474172592163,1200
