model,num_classes,num_ensemble,clf_error,l2_logits,epoch
tabpfn,8,1,0.027777791023254395,1.5981205701828003,800
tabpfn,8,1,0.1944444179534912,0.603644847869873,800
tabpfn,8,1,0.033950626850128174,4.782255172729492,800
tabpfn,8,1,0.15740740299224854,0.729186475276947,800
