model,num_classes,num_ensemble,clf_error,l2_logits,epoch
tabpfn,4,8,0.12352943420410156,0.041290283203125,0
tabpfn,4,8,0.37647056579589844,0.08460933715105057,0
tabpfn,4,8,0.18823528289794922,0.04956356808543205,0
tabpfn,4,8,0.17058825492858887,0.05579407885670662,0
