model,num_classes,num_ensemble,clf_error,l2_logits,epoch
tabpfn,10,16,0.016853928565979004,0.16849634051322937,800
tabpfn,10,16,0.022471904754638672,0.313436895608902,800
tabpfn,10,16,0.11235952377319336,0.07448241859674454,800
tabpfn,10,16,0.0,0.09178026765584946,800
