model,num_classes,num_ensemble,clf_error,l2_logits,epoch
tabpfn,8,4,0.008968591690063477,1.565464735031128,800
tabpfn,8,4,0.021300435066223145,1.4942872524261475,800
tabpfn,8,4,0.05044841766357422,1.4615200757980347,800
tabpfn,8,4,0.08744394779205322,0.17612071335315704,800
