model,num_classes,num_ensemble,clf_error,l2_logits,epoch
tabpfn,10,2,0.0639534592628479,0.37182191014289856,1200
tabpfn,10,2,0.06976741552352905,0.6996066570281982,1200
tabpfn,10,2,0.034883737564086914,2.274695873260498,1200
tabpfn,10,2,0.12209302186965942,2.347130060195923,1200
