model,num_classes,num_ensemble,clf_error,l2_logits,epoch
tabpfn,2,1,0.0,0.9780060648918152,800
tabpfn,2,1,0.011258959770202637,1.9885587692260742,800
tabpfn,2,1,0.008188307285308838,1.3672399520874023,800
tabpfn,2,1,0.03172975778579712,0.49125638604164124,800
