model,num_classes,num_ensemble,clf_error,l2_logits,epoch
tabpfn,10,4,0.18289786577224731,0.2639036178588867,400
tabpfn,10,4,0.0,0.24780592322349548,400
tabpfn,10,4,0.06413298845291138,1.3343100547790527,400
tabpfn,10,4,0.1472684144973755,0.22801479697227478,400
