model,num_classes,num_ensemble,clf_error,l2_logits,epoch
tabpfn,8,16,0.056229352951049805,0.19275368750095367,400
tabpfn,8,16,0.0,0.11177581548690796,400
tabpfn,8,16,0.10253584384918213,0.09531087428331375,400
tabpfn,8,16,0.07607495784759521,0.1459260880947113,400
