model,num_classes,num_ensemble,clf_error,l2_logits,epoch
tabpfn,2,8,0.004329025745391846,1.9967466592788696,800
tabpfn,2,8,0.017316043376922607,1.165622591972351,800
tabpfn,2,8,0.08441555500030518,0.8622574210166931,800
tabpfn,2,8,0.021645009517669678,2.0328288078308105,800
