model,num_classes,num_ensemble,clf_error,l2_logits,epoch
tabpfn,4,4,0.5846153497695923,0.44495341181755066,400
tabpfn,4,4,0.05934065580368042,1.4492093324661255,400
tabpfn,4,4,0.01538461446762085,1.2860653400421143,400
tabpfn,4,4,0.026373624801635742,1.2080291509628296,400
