model,num_classes,num_ensemble,clf_error,l2_logits,epoch
tabpfn,2,1,0.2820512652397156,0.12274934351444244,0
tabpfn,2,1,0.2589743733406067,0.11503443866968155,0
tabpfn,2,1,0.26923078298568726,0.11828383058309555,0
tabpfn,2,1,0.307692289352417,0.118177630007267,0
