model,num_classes,num_ensemble,clf_error,l2_logits,epoch
tabpfn,8,1,0.0,0.29489651322364807,1200
tabpfn,8,1,0.019607841968536377,0.48363053798675537,1200
tabpfn,8,1,0.04374057054519653,3.1531970500946045,1200
tabpfn,8,1,0.12820512056350708,0.7245421409606934,1200
