model,num_classes,num_ensemble,clf_error,l2_logits,epoch
tabpfn,4,8,0.02905571460723877,0.3053894340991974,800
tabpfn,4,8,0.004842638969421387,0.3293296694755554,800
tabpfn,4,8,0.009685218334197998,0.2575819194316864,800
tabpfn,4,8,0.02179175615310669,0.3331838548183441,800
