model,num_classes,num_ensemble,clf_error,l2_logits,epoch
tabpfn,2,16,0.3149171471595764,0.1197684183716774,0
tabpfn,2,16,0.3281767964363098,0.11500076949596405,0
tabpfn,2,16,0.3104972243309021,0.11854603886604309,0
tabpfn,2,16,0.29392266273498535,0.1271030753850937,0
