model,num_classes,num_ensemble,clf_error,l2_logits,epoch
tabpfn,4,4,0.0,0.23885658383369446,1200
tabpfn,4,4,0.008474588394165039,0.8252946734428406,1200
tabpfn,4,4,0.0042372941970825195,1.0982304811477661,1200
tabpfn,4,4,0.021186411380767822,0.4191961884498596,1200
